genere,nome_inaturalist,nome_finale,motivo_esclusione,cultivar_interessate
Rosa,Rose,,uguale al nome scientifico (nessun cambio),9518
Narcissus,Narcisi,Narciso,,7563
Chrysanthemum,Crisantemi,Crisantemo,,7091
Rhododendron,Rododendri,Rododendro,,6182
Pelargonium,Pelargonio,Pelargonio,,5955
Hemerocallis,Emerocallide,Emerocallide,,4964
Dianthus,Garofano,Garofano,,3275
Lilium,Giglio,Giglio,,2591
Tulipa,Tulipani,Tulipano,,2442
Clematis,Clematidi,Clematide,,1715
Saxifraga,Sassifraghe,Sassifraga,,1311
Viola,Viole,,uguale al nome scientifico (nessun cambio),1174
Primula,Primule,,uguale al nome scientifico (nessun cambio),740
Veronica,Occhi di Maria,,frase,621
Galanthus,Bucaneve,Bucaneve,,455
Papaver,Papaveri,Papavero,,358
Salvia,Salvie,,uguale al nome scientifico (nessun cambio),318
Prunus,Pruni,,"troppo ampio (ciliegi, peschi, albicocchi…)",305
Geranium,Gerani,Geranio,,277
Malus,Meli,Melo,,268
Camellia,Camelie,Camelia,,264
Helianthemum,Eliantemo,Eliantemo,,210
Aquilegia,Aquilegie,,uguale al nome scientifico (nessun cambio),185
Vitis,Viti,Vite,,168
Verbascum,Verbasco,Verbasco,,157
Campanula,Campanule,,uguale al nome scientifico (nessun cambio),155
Hibiscus,Ibisco,Ibisco,,120
Allium,Agli,,"troppo ampio (cipolla, porro…)",110
Spathiphyllum,Spatifillo,Spatifillo,,109
Helleborus,Elleboro,Elleboro,,96
Lavandula,Lavanda,Lavanda,,94
Tradescantia,Tradescanzia,Tradescanzia,,92
Salix,Salici,Salice,,89
Cyclamen,Ciclamini,Ciclamino,,77
Rubus,Rovo,,"troppo ampio (lamponi, more)",74
Vaccinium,"Mirtilli, mirtilli rossi e alleati",,frase,64
Potentilla,Cinquefoglie,Cinquefoglia,,52
Oenothera,Enagra,Enagra,,46
Philodendron,Filodendro,Filodendro,,39
Capsicum,Peperoni e peperoncini,,frase,38
Myosotis,Nontiscordardimè,Nontiscordardimè,,36
Oxalis,Ossalidi,Ossalide,,35
Tagetes,Tageti,Tagete,,33
Corydalis,Colombine,,ambiguo (colombina = Aquilegia),32
Cornus,Cornioli,,troppo ampio (corniolo è una sola specie),30
Acer,Aceri,Acero,,25
Carex,Carici,Carice,,23
Dracaena,Dracena,Dracena,,22
Eryngium,Calcatreppole,Calcatreppola,,21
Linaria,Linajola,Linajola,,21
Nicotiana,Tabacco,,fuorviante (tabacco),21
Lathyrus,Cicerchie,,fuorviante (pisello odoroso),20
Symphytum,Consolide,,ambiguo (consolida = Consolida),19
Ipomoea,Ipomee,,troppo ampio,19
Lonicera,Caprifogli,Caprifoglio,,18
Alyssum,Alisso,Alisso,,17
Cucurbita,Zucche,,troppo ampio,16
Calendula,Calendola,Calendola,,16
Fragaria,Fragole,Fragola,,15
Helichrysum,Elicriso,Elicriso,,15
Centaurea,Fiordalisi,Fiordaliso,,15
Mentha,Menta,Menta,,14
Eucalyptus,Eucalipti,Eucalipto,,13
Dimorphotheca,Dimorfoteca,Dimorfoteca,,12
Photinia,Fotinia,Fotinia,,10
Morus,Gelso,Gelso,,10
Tilia,Tigli,Tiglio,,9
Arum,Gigaro,Gigaro,,8
Euonymus,Evonimo,Evonimo,,8
Abies,Abeti,Abete,,8
Hedera,Edera,Edera,,7
Polygala,Poligala,Poligala,,6
Opuntia,Opunzie,Opunzia,,6
Hoya,Fiore di cera,,frase,5
Hyacinthus,Giacinto,Giacinto,,5
Juniperus,Ginepro,Ginepro,,4
Wisteria,Glicine,Glicine,,4
Platanus,Platani,Platano,,3
Soldanella,Soldanelle,,uguale al nome scientifico (nessun cambio),3
Echinops,Cardo pallottola,,frase,3
Lotus,Ginestrini,Ginestrino,,3
Aesculus,Ippocastani,Ippocastano,,3
Ligustrum,Ligustri,Ligustro,,3
Elaeagnus,Eleagno,Eleagno,,2
Tamarix,Tamerici,Tamerice,,2
Vicia,Veccie,Veccia,,1
Fagus,Faggi,Faggio,,1
Parthenocissus,Viti del Canadà,,frase,1
Genista,Ginestre,,ambiguo (ginestra = più generi),1
